time,open,high,low,close,volume,ticker
2020-01-02,20270,20720,20270,20720,1542690,TCH
2020-01-03,20720,21160,20720,20980,1290400,TCH
2020-01-06,20980,21110,20850,20910,729770,TCH
2020-01-07,20980,21390,20940,21230,1188090,TCH
2020-01-08,21260,21360,21190,21290,783960,TCH
2020-01-09,21290,21500,21290,21390,1291880,TCH
2020-01-10,21390,21570,21390,21570,1032370,TCH
2020-01-13,21570,21720,21570,21720,1121720,TCH
2020-01-14,21720,22820,21720,22780,779660,TCH
2020-01-15,22780,24360,22780,24280,534410,TCH
2020-01-16,24280,24780,24250,24250,655480,TCH
2020-01-17,24280,24650,24220,24650,1110320,TCH
2020-01-20,24650,24740,24650,24710,809700,TCH
2020-01-21,24710,24900,24710,24900,751430,TCH
2020-01-22,24900,25240,24900,25240,1759120,TCH
2020-01-30,25210,25300,25210,25300,767580,TCH
2020-01-31,25300,25550,25270,25550,865140,TCH
2020-02-03,25550,25580,25150,25460,549950,TCH
2020-02-04,25480,25680,25480,25650,613880,TCH
2020-02-05,25650,25990,25650,25990,729910,TCH
2020-02-06,26460,26460,25990,26460,701640,TCH
2020-02-07,26460,26790,26460,26790,844690,TCH
2020-02-10,26820,27420,26790,27420,660200,TCH
2020-02-11,27450,27910,27420,27890,673810,TCH
2020-02-12,27890,28110,27890,28080,660560,TCH
2020-02-13,28110,28260,28080,28260,626960,TCH
2020-02-14,28260,28350,27320,27550,1183840,TCH
2020-02-17,27520,27670,27450,27670,622810,TCH
2020-02-18,27670,27790,27450,27640,288440,TCH
2020-02-19,27640,27730,27550,27640,614030,TCH
2020-02-20,27640,27730,27550,27700,494490,TCH
2020-02-21,27390,27910,27350,27790,538180,TCH
2020-02-24,26790,26820,25870,25870,1132380,TCH
2020-02-25,24310,24560,24060,24120,1060480,TCH
2020-02-26,22720,24080,22630,22750,1742640,TCH
2020-02-27,21790,21820,21260,21260,1214400,TCH
2020-02-28,21260,21290,19790,19790,1035070,TCH
2020-03-02,19390,21110,19390,21110,5053330,TCH
2020-03-03,21040,21630,20720,21440,4446520,TCH
2020-03-04,21480,21500,20790,20850,1344340,TCH
2020-03-05,19730,20480,19420,20480,2239250,TCH
2020-03-06,19610,19670,19070,19460,1644630,TCH
2020-03-09,18120,18180,18120,18120,822930,TCH
2020-03-10,16860,16930,16860,16860,1272070,TCH
2020-03-11,16190,16370,15720,15720,1738790,TCH
2020-03-12,14630,14850,14630,14630,977450,TCH
2020-03-13,13630,13630,13630,13630,714270,TCH
2020-03-16,12770,14570,12770,14570,6621930,TCH
2020-03-17,13660,15560,13660,15070,750840,TCH
2020-03-18,15250,15250,14040,15070,691300,TCH
2020-03-19,14040,14040,14040,14040,212900,TCH
2020-03-20,13070,13320,13070,13070,1962400,TCH
2020-03-23,12170,12320,12170,12170,339810,TCH
2020-03-24,11330,11330,11330,11330,126240,TCH
2020-03-25,10830,11770,10560,11360,2265810,TCH
2020-03-26,11010,11430,10580,10670,540620,TCH
2020-03-27,10670,11230,10670,10950,1087580,TCH
2020-03-30,10580,10620,10210,10430,260930,TCH
2020-03-31,10360,10620,10110,10270,535790,TCH
2020-04-01,10270,10430,10110,10360,333350,TCH
2020-04-03,10360,10490,10310,10490,151630,TCH
2020-04-06,10520,11200,10520,11200,1484610,TCH
2020-04-07,11980,11980,11980,11980,589390,TCH
2020-04-08,12790,12790,11730,12790,4525680,TCH
2020-04-09,13300,13300,12770,12880,632030,TCH
2020-04-10,12260,12880,12140,12450,416590,TCH
2020-04-13,12010,12350,11610,12260,388490,TCH
2020-04-14,11980,12170,11770,11860,310550,TCH
2020-04-15,11890,12660,11890,12140,544080,TCH
2020-04-16,12230,12570,12140,12320,361730,TCH
2020-04-17,12390,13170,12290,13170,1349840,TCH
2020-04-20,13690,14070,13480,13690,782020,TCH
2020-04-21,13070,13320,12770,12770,559210,TCH
2020-04-22,12040,12640,11960,12640,512160,TCH
2020-04-23,13010,13050,12480,12880,1132730,TCH
2020-04-24,12770,12880,12390,12600,486170,TCH
2020-04-27,12730,13300,12730,13070,1380210,TCH
2020-04-28,13070,13300,12530,12820,799320,TCH
2020-04-29,13200,13320,12820,13200,1165090,TCH
2020-05-04,12950,13230,12660,13070,817150,TCH
2020-05-05,12510,13870,12510,13660,2055150,TCH
2020-05-06,13630,14000,13510,13790,1119940,TCH
2020-05-07,13820,13820,13570,13660,437810,TCH
2020-05-08,13660,13980,13510,13730,1399890,TCH
2020-05-11,14500,14500,13570,14500,1762180,TCH
2020-05-12,14570,14660,14190,14530,816530,TCH
2020-05-13,14320,14380,13690,14320,706410,TCH
2020-05-14,14070,14470,13820,14290,1463400,TCH
2020-05-15,14380,14630,14100,14320,2601150,TCH
2020-05-18,14070,14500,14000,14320,1742090,TCH
2020-05-19,14350,14570,14160,14160,2348930,TCH
2020-05-20,14000,14100,13870,13870,396480,TCH
2020-05-21,13910,14000,13730,13820,409030,TCH
2020-05-22,13870,14220,13440,14160,3062460,TCH
2020-05-25,14320,15000,14250,14500,2983070,TCH
2020-05-26,14570,14720,14100,14630,3532230,TCH
2020-05-27,14630,14660,13690,13690,1309960,TCH
2020-05-28,13870,13870,13070,13070,2232320,TCH
2020-05-29,12770,13260,12570,13200,1420330,TCH
2020-06-01,13260,13480,13200,13300,1314330,TCH
2020-06-02,13320,13630,13130,13510,1777710,TCH
2020-06-03,13540,13630,13300,13510,1225130,TCH
2020-06-04,13540,13910,13440,13760,1823700,TCH
2020-06-05,13820,13910,13660,13910,1188990,TCH
2020-06-08,14000,14530,14000,14380,3087950,TCH
2020-06-09,14320,14380,13870,14100,1873080,TCH
2020-06-10,13870,14690,13790,14470,4513940,TCH
2020-06-11,14530,14660,13480,13480,2076530,TCH
2020-06-12,12530,14070,12530,14070,4408330,TCH
2020-06-15,13690,14320,13100,13420,3419050,TCH
2020-06-16,13480,13660,13050,13440,1735680,TCH
2020-06-17,12880,13260,12880,13070,1409400,TCH
2020-06-18,12950,13320,12600,13100,1713490,TCH
2020-06-19,13130,13260,12950,13170,1640490,TCH
2020-06-22,13320,13420,13010,13350,887840,TCH
2020-06-23,13260,14220,13050,14000,8649860,TCH
2020-06-24,13730,14160,13660,13980,6323650,TCH
2020-06-25,13420,13820,13380,13820,2276640,TCH
2020-06-26,13510,13820,13010,13510,3146660,TCH
2020-06-29,13070,14250,12570,14250,5063080,TCH
2020-06-30,13510,13690,13260,13260,1546040,TCH
2020-07-01,12570,13260,12570,12770,1815810,TCH
2020-07-02,12850,13010,12770,12790,836510,TCH
2020-07-03,12820,13320,12820,13100,1162640,TCH
2020-07-06,13100,13200,12980,13100,1034150,TCH
2020-07-07,13170,13230,12920,13010,2005510,TCH
2020-07-08,13010,13010,12850,12920,1054820,TCH
2020-07-09,13100,13360,13020,13300,3503900,TCH
2020-07-10,13330,13610,13170,13560,3722560,TCH
2020-07-13,13650,14100,13650,13930,4143310,TCH
2020-07-14,13970,13970,13560,13650,1783480,TCH
2020-07-15,13720,14040,13360,13870,4399680,TCH
2020-07-16,13930,14190,13720,14100,7149050,TCH
2020-07-17,14040,14160,13870,14100,6244180,TCH
2020-07-20,14040,14040,13740,13740,1082330,TCH
2020-07-21,14100,14580,13870,14360,13123330,TCH
2020-07-22,14160,14510,14070,14190,5485880,TCH
2020-07-23,14190,14230,13930,14040,1820260,TCH
2020-07-24,13720,13780,13070,13200,8373070,TCH
2020-07-27,12340,12560,12310,12310,1601960,TCH
2020-07-28,11790,12790,11510,12790,6305520,TCH
2020-07-29,12180,12280,11900,12150,5571400,TCH
2020-07-30,12180,12310,12050,12180,1522620,TCH
2020-07-31,12120,13020,11350,12600,9952340,TCH
2020-08-03,12480,12820,12410,12690,1722270,TCH
2020-08-04,12790,12980,12730,12790,1935400,TCH
2020-08-05,12730,12950,12500,12820,2922930,TCH
2020-08-06,12820,12880,12660,12850,1293750,TCH
2020-08-07,12880,13070,12790,13020,2701620,TCH
2020-08-10,13050,13330,12980,13170,3049920,TCH
2020-08-11,13240,13240,12980,13100,1338440,TCH
2020-08-12,13140,13300,12850,13100,4365390,TCH
2020-08-13,13240,13240,13020,13140,2574480,TCH
2020-08-14,13100,13140,12790,13050,3644340,TCH
2020-08-17,12950,12980,12600,12790,1871920,TCH
2020-08-18,12790,12880,12730,12760,1173650,TCH
2020-08-19,12790,12950,12630,12950,3694390,TCH
2020-08-20,12950,12950,12660,12790,1271000,TCH
2020-08-21,12820,12980,12660,12920,4938640,TCH
2020-08-24,12950,13140,12950,13050,2746730,TCH
2020-08-25,13070,13490,12790,13420,14623570,TCH
2020-08-26,13330,13850,13170,13610,8713210,TCH
2020-08-27,13460,13810,13420,13680,9663670,TCH
2020-08-28,13650,13720,13420,13650,6630540,TCH
2020-08-31,13610,13610,13240,13300,3153790,TCH
2020-09-01,13100,13330,13070,13330,2694450,TCH
2020-09-03,13460,13560,13330,13390,4330970,TCH
2020-09-04,13050,13680,13050,13680,5073270,TCH
2020-09-07,13460,13490,13240,13360,2811510,TCH
2020-09-08,13360,13360,13100,13330,4852250,TCH
2020-09-09,13070,13240,13070,13240,2484550,TCH
2020-09-10,13240,13530,13240,13460,4471930,TCH
2020-09-11,13490,13610,13390,13460,4102210,TCH
2020-09-14,13530,13530,13300,13300,1029310,TCH
2020-09-15,13360,13390,13200,13200,1224410,TCH
2020-09-16,13240,13270,13140,13140,1253180,TCH
2020-09-17,13170,13240,13100,13100,1780490,TCH
2020-09-18,13140,13270,13070,13270,4061250,TCH
2020-09-21,13330,13390,13170,13330,3414820,TCH
2020-09-22,13200,13490,13070,13460,9041600,TCH
2020-09-23,13460,13460,13240,13360,2853510,TCH
2020-09-24,13200,13300,13140,13200,2869380,TCH
2020-09-25,13170,13240,13020,13240,3255030,TCH
2020-09-28,13270,13460,13100,13390,6870830,TCH
2020-09-29,13970,14070,13560,13740,13046320,TCH
2020-09-30,13490,13930,13330,13780,15024070,TCH
2020-10-01,13680,13810,13240,13720,9975400,TCH
2020-10-02,13460,13810,13050,13810,21924910,TCH
2020-10-05,13740,13780,13490,13490,2803010,TCH
2020-10-06,13580,13810,13490,13780,12978280,TCH
2020-10-07,13560,13740,13530,13560,19829730,TCH
2020-10-08,13610,13610,13200,13360,11863940,TCH
2020-10-09,13420,13680,13170,13610,16097270,TCH
2020-10-12,13780,13780,13360,13360,4123850,TCH
2020-10-13,13420,13420,13240,13390,8998620,TCH
2020-10-14,13330,13650,13020,13490,22840530,TCH
2020-10-15,13530,13680,13300,13420,15567050,TCH
2020-10-16,13390,13490,13100,13490,14283420,TCH
2020-10-19,13330,13330,13170,13170,7497370,TCH
2020-10-20,13390,13530,13050,13360,36953630,TCH
2020-10-21,13360,13390,13050,13360,13073280,TCH
2020-10-22,13200,13270,13070,13070,7023460,TCH
2020-10-23,13100,13200,13070,13100,2962630,TCH
2020-10-26,13140,13300,12820,12820,11895940,TCH
2020-10-27,12850,12950,12340,12530,12793100,TCH
2020-10-28,12370,12410,11860,12150,11540740,TCH
2020-10-29,12020,12090,11830,11970,3934950,TCH
2020-10-30,12020,12090,11670,11830,5839620,TCH
2020-11-02,11900,11900,11510,11510,3920940,TCH
2020-11-03,11540,11970,11540,11900,4976030,TCH
2020-11-04,11970,12090,11790,12020,3617320,TCH
2020-11-05,11970,12220,11930,12020,3922890,TCH
2020-11-06,12050,12150,11900,12020,3188320,TCH
2020-11-09,12050,12090,11980,12020,2326120,TCH
2020-11-10,12090,12150,11900,12020,5280320,TCH
2020-11-11,11930,11980,11790,11860,7274850,TCH
2020-11-12,11900,11980,11790,11970,3366410,TCH
2020-11-13,11970,11970,11830,11930,1714110,TCH
2020-11-16,11930,11970,11580,11580,3215370,TCH
2020-11-17,11640,11980,11580,11980,8399350,TCH
2020-11-18,11900,12120,11830,12050,5918250,TCH
2020-11-19,11970,12180,11860,12150,8325970,TCH
2020-11-20,12240,12980,12240,12980,11655810,TCH
2020-11-23,13240,13610,12660,13330,16584510,TCH
2020-11-24,13300,13300,12790,12850,8262730,TCH
2020-11-25,12760,12920,12480,12880,8672770,TCH
2020-11-26,12980,13270,12950,13200,11578480,TCH
2020-11-27,13200,13200,12920,12920,5437700,TCH
2020-11-30,12950,13070,12480,12480,9693850,TCH
2020-12-01,12090,13140,12020,13140,28270800,TCH
2020-12-02,12820,12880,12660,12820,12125400,TCH
2020-12-03,12730,12820,12410,12820,16912120,TCH
2020-12-04,12600,12600,12410,12600,19491690,TCH
2020-12-07,12630,12630,12310,12630,23272730,TCH
2020-12-08,12480,12530,12280,12440,10095660,TCH
2020-12-09,12440,12560,12020,12560,26878490,TCH
2020-12-10,12280,12440,12220,12220,2676550,TCH
2020-12-11,12280,12370,12120,12240,2133770,TCH
2020-12-14,12410,12480,12310,12310,4815760,TCH
2020-12-15,12340,12370,12220,12220,4687670,TCH
2020-12-16,12340,12340,12220,12220,3987770,TCH
2020-12-17,12220,12410,12090,12240,8512500,TCH
2020-12-18,12310,12410,12240,12340,5683010,TCH
2020-12-21,12440,12480,12310,12340,5875150,TCH
2020-12-22,12340,12600,12280,12500,6491870,TCH
2020-12-23,12660,13240,12440,12980,12008360,TCH
2020-12-24,13050,13240,12280,12760,10796900,TCH
2020-12-25,12730,12920,12500,12790,4770700,TCH
2020-12-28,12880,13300,12820,13050,9875830,TCH
2020-12-29,13100,13310,13100,13210,4892390,TCH
2020-12-30,13310,13600,13170,13240,6472720,TCH
2020-12-31,13240,13310,13050,13070,5345790,TCH
2021-01-04,13170,13400,13050,13140,5695300,TCH
2021-01-05,13100,13280,13050,13140,5199100,TCH
2021-01-06,13240,14060,13140,13630,19957600,TCH
2021-01-07,13830,14030,13740,13830,8550300,TCH
2021-01-08,14000,14780,13860,14780,18368900,TCH
2021-01-11,15200,15790,15080,15790,12515100,TCH
2021-01-12,16260,16680,15790,16390,9784100,TCH
2021-01-13,16260,16390,15830,15830,11307600,TCH
2021-01-14,16000,16850,15760,16850,11809100,TCH
2021-01-15,17240,17570,17050,17300,5956100,TCH
2021-01-18,17100,17960,16880,17140,7919300,TCH
2021-01-19,17050,17080,15970,15970,10511200,TCH
2021-01-20,15970,16260,14850,15530,11910900,TCH
2021-01-21,15900,16610,15600,16610,9267500,TCH
2021-01-22,16910,17360,16610,16980,8736000,TCH
2021-01-25,16650,17240,16520,17010,6660600,TCH
2021-01-26,17010,17010,15830,15930,9280400,TCH
2021-01-27,15600,16350,15010,15080,8180800,TCH
2021-01-28,14030,14490,14030,14030,9232700,TCH
2021-01-29,13100,14780,13100,14390,9480600,TCH
2021-02-01,14360,14680,13400,13400,8495100,TCH
2021-02-02,13430,14100,12980,13770,5477700,TCH
2021-02-03,13960,14710,13770,14710,6281900,TCH
2021-02-04,14750,14920,14420,14650,5233400,TCH
2021-02-05,14680,15080,14520,14780,4129200,TCH
2021-02-08,14750,14780,13770,13770,8662500,TCH
2021-02-09,13890,14220,13500,13960,4655800,TCH
2021-02-17,14160,14650,14120,14520,4564200,TCH
2021-02-18,14520,15530,14320,15400,9018700,TCH
2021-02-19,15140,15600,15110,15270,3965000,TCH
2021-02-22,15270,15500,14820,14940,5735600,TCH
2021-02-23,14940,15370,14820,15080,5557800,TCH
2021-02-24,15270,15270,14490,14580,6689300,TCH
2021-02-25,14820,14890,14320,14450,6209100,TCH
2021-02-26,14220,14450,14030,14290,5700300,TCH
2021-03-01,14450,14890,14360,14820,3998800,TCH
2021-03-02,15080,15140,14680,14750,3712200,TCH
2021-03-03,14680,15010,14620,14920,4409600,TCH
2021-03-04,14970,15040,14160,14290,4660900,TCH
2021-03-05,14290,14560,14120,14390,3965300,TCH
2021-03-08,14490,14680,14420,14450,3958100,TCH
2021-03-09,14450,15080,14250,14650,5186900,TCH
2021-03-10,14820,14940,14650,14890,3988000,TCH
2021-03-11,15080,15110,14890,14940,3821800,TCH
2021-03-12,15010,15010,14750,14850,3587000,TCH
2021-03-15,14820,15040,14750,14890,4015100,TCH
2021-03-16,14920,15600,14890,15470,9215400,TCH
2021-03-17,15600,16000,15500,15640,6236000,TCH
2021-03-18,15730,15730,15400,15600,4200500,TCH
2021-03-19,15470,15570,15080,15080,5082700,TCH
2021-03-22,15270,15370,15080,15200,3895800,TCH
2021-03-23,15200,15200,14750,14850,4431200,TCH
2021-03-24,14580,14750,14220,14360,6193600,TCH
2021-03-25,14390,14560,14120,14290,4423700,TCH
2021-03-26,14220,14360,13630,14160,4888800,TCH
2021-03-29,14360,14820,14180,14680,3548900,TCH
2021-03-30,14780,15080,14560,14940,4334300,TCH
2021-03-31,14940,15440,14750,15010,7797400,TCH
2021-04-01,15080,15930,15010,15900,11768100,TCH
2021-04-02,16000,16190,15570,15860,10056200,TCH
2021-04-05,16000,16219,15670,16090,14249700,TCH
2021-04-06,15860,17050,15760,16980,10585700,TCH
2021-04-07,16720,17360,16490,17300,10147400,TCH
2021-04-08,17080,17080,16720,17050,6876200,TCH
2021-04-09,16790,17300,16390,17300,18335900,TCH
2021-04-12,17050,17050,16750,16980,13462500,TCH
2021-04-13,16910,16910,16000,16120,10375400,TCH
2021-04-14,15790,16320,15670,16059,6823100,TCH
2021-04-15,16059,16460,15710,15710,6236200,TCH
2021-04-16,15670,15670,14850,15040,9160500,TCH
2021-04-19,15010,15530,14850,15310,6941800,TCH
2021-04-20,15400,15440,14920,14920,4829600,TCH
2021-04-22,14750,14970,14100,14100,6153900,TCH
2021-04-23,14100,14680,13960,14620,7949700,TCH
2021-04-26,14620,14620,14100,14100,4586400,TCH
2021-04-27,14100,14490,13890,14250,3400000,TCH
2021-04-28,14250,14580,14220,14420,3095800,TCH
2021-04-29,14560,14560,14220,14220,3798700,TCH
2021-05-04,14000,15040,13830,14780,5824300,TCH
2021-05-05,14940,15040,14750,14750,3480600,TCH
2021-05-06,15040,15400,14890,14890,6403700,TCH
2021-05-07,14820,14850,14290,14360,5665500,TCH
2021-05-10,14160,14620,14100,14320,4475900,TCH
2021-05-11,14420,14820,14420,14490,4534500,TCH
2021-05-12,14490,14680,14450,14620,2713900,TCH
2021-05-13,14650,14920,14420,14420,5250600,TCH
2021-05-14,14560,14750,14420,14750,4772300,TCH
2021-05-17,15080,15140,14680,15010,6798500,TCH
2021-05-18,14920,14920,14560,14560,3444400,TCH
2021-05-19,14560,14620,14290,14320,4403500,TCH
2021-05-20,14320,14390,13960,14390,6730200,TCH
2021-05-21,14360,14750,14120,14750,5059200,TCH
2021-05-24,14820,15400,14650,15400,11000200,TCH
2021-05-25,15200,15440,15110,15400,6501600,TCH
2021-05-26,15200,15240,14970,15080,4913400,TCH
2021-05-27,14940,14940,14420,14490,5724200,TCH
2021-05-28,14420,14850,14360,14750,5430000,TCH
2021-05-31,14560,14750,14420,14620,4819600,TCH
2021-06-01,14560,14560,14290,14320,6499500,TCH
2021-06-02,14250,14620,14160,14560,4469400,TCH
2021-06-03,14750,14750,14520,14650,5097100,TCH
2021-06-04,14650,14650,14420,14490,4955100,TCH
2021-06-07,14620,15080,14490,14820,5843400,TCH
2021-06-08,14850,14970,14360,14360,4956000,TCH
2021-06-09,14360,14560,14250,14420,4560300,TCH
2021-06-10,14360,14490,14290,14290,3864900,TCH
2021-06-11,14290,14490,14250,14360,4051100,TCH
2021-06-14,14360,14620,14250,14560,7615500,TCH
2021-06-15,14620,14620,14100,14620,8303000,TCH
2021-06-16,14650,14970,14490,14750,6656300,TCH
2021-06-17,14490,14750,14490,14560,3424600,TCH
2021-06-18,14620,15570,14490,15400,16894200,TCH
2021-06-21,15400,15400,14940,14940,5885900,TCH
2021-06-22,14940,15270,14850,14890,5421700,TCH
2021-06-23,14820,14890,14490,14490,6701900,TCH
2021-06-24,14490,14680,14360,14520,3828100,TCH
2021-06-25,14580,14620,14360,14450,4052900,TCH
2021-06-28,14420,14520,14360,14450,3853700,TCH
2021-06-29,14420,14620,14360,14360,4099900,TCH
2021-06-30,14360,14490,14320,14320,2541500,TCH
2021-07-01,14360,14420,14250,14360,3459100,TCH
2021-07-02,14390,14420,14220,14320,3599400,TCH
2021-07-05,14220,14320,13890,13960,5973500,TCH
2021-07-06,13890,14030,13370,13500,8454400,TCH
2021-07-07,13470,14360,12810,14360,10158200,TCH
2021-07-08,14000,14000,13630,13800,3314900,TCH
2021-07-09,13570,13600,13010,13100,4030600,TCH
2021-07-12,12980,13100,12200,12280,7699900,TCH
2021-07-13,12390,12880,12130,12880,5483500,TCH
2021-07-14,12730,12960,12340,12530,3969700,TCH
2021-07-15,12400,12660,12400,12560,3740900,TCH
2021-07-16,12600,12920,12530,12600,4106700,TCH
2021-07-19,12170,12530,11840,11840,6864600,TCH
2021-07-20,11880,12400,11540,12370,8076300,TCH
2021-07-21,12170,12560,12140,12400,11064400,TCH
2021-07-22,12230,12600,12230,12560,5776100,TCH
2021-07-23,12470,12530,12140,12140,2890300,TCH
2021-07-26,12000,12270,11880,12200,2480600,TCH
2021-07-27,12200,12400,12170,12340,3805800,TCH
2021-07-28,12200,12600,12140,12560,6891300,TCH
2021-07-29,12530,12530,12370,12400,2532000,TCH
2021-07-30,12400,12770,12270,12560,13089800,TCH
2021-08-02,12470,12530,12290,12340,3499000,TCH
2021-08-03,12340,12600,12230,12600,8621700,TCH
2021-08-04,12470,12530,12370,12400,3176300,TCH
2021-08-05,12340,12530,12270,12440,6237000,TCH
2021-08-06,12440,12530,12290,12370,6248500,TCH
2021-08-09,12340,12470,12340,12400,5071400,TCH
2021-08-10,12560,12920,12440,12890,11920900,TCH
2021-08-11,12960,13110,12920,12990,7943600,TCH
2021-08-12,12790,12890,12730,12790,4621300,TCH
2021-08-13,12730,12770,12370,12730,7676500,TCH
2021-08-16,12790,12820,12600,12600,5700100,TCH
2021-08-17,12630,12630,12400,12490,5232500,TCH
2021-08-18,12400,12790,12370,12660,12004700,TCH
2021-08-19,12700,12700,12440,12440,3452000,TCH
2021-08-20,12470,12530,12080,12470,12077800,TCH
2021-08-23,12270,12340,12000,12340,7320600,TCH
2021-08-24,12140,12270,11940,11940,5670400,TCH
2021-08-25,11970,12140,11880,12030,3090700,TCH
2021-08-26,12080,12100,11940,12000,2099200,TCH
2021-08-27,11940,12100,11780,12080,3817000,TCH
2021-08-30,12530,12600,12270,12470,13644300,TCH
2021-08-31,12470,13030,12270,12790,15861400,TCH
2021-09-01,12770,12990,12660,12890,7135100,TCH
2021-09-06,12890,13350,12770,13220,10601700,TCH
2021-09-07,13220,13220,12700,12730,8171000,TCH
2021-09-08,12730,12730,12230,12470,11728700,TCH
2021-09-09,12290,12490,12140,12140,13850600,TCH
2021-09-10,12960,12960,12960,12960,2452800,TCH
2021-09-13,13860,13860,13040,13040,16053900,TCH
2021-09-14,12920,13300,12660,13180,11365200,TCH
2021-09-15,13180,13440,13180,13440,7235800,TCH
2021-09-16,13260,13370,12920,12920,10089100,TCH
2021-09-17,12840,13000,12840,13000,8268700,TCH
2021-09-20,13070,13140,12880,13040,6135300,TCH
2021-09-21,12840,13140,12780,13000,7047600,TCH
2021-09-22,13000,13040,12880,13040,4641600,TCH
2021-09-23,13140,13370,13070,13330,22367000,TCH
2021-09-24,13370,13820,13260,13630,15939900,TCH
2021-09-27,13680,13720,13330,13520,8061100,TCH
2021-09-28,13440,13790,13100,13630,17649000,TCH
2021-09-29,13370,13440,13100,13440,12156900,TCH
2021-09-30,13370,13490,13140,13490,9729900,TCH
2021-10-01,13260,13520,13180,13520,12410500,TCH
2021-10-04,13440,13440,13140,13220,13891100,TCH
2021-10-05,13140,13330,13070,13260,11175800,TCH
2021-10-06,13300,13330,13140,13300,9667900,TCH
2021-10-07,13330,13330,13070,13070,4972300,TCH
2021-10-08,13070,13140,12880,12880,4597300,TCH
2021-10-11,12880,12920,12780,12840,4623500,TCH
2021-10-12,12880,13070,12880,13000,4003700,TCH
2021-10-13,13040,13070,12920,12920,9069500,TCH
2021-10-14,12920,13040,12880,12960,6255200,TCH
2021-10-15,12960,13000,12790,12880,6120300,TCH
2021-10-18,12880,12920,12660,12660,4559600,TCH
2021-10-19,12660,12700,12500,12500,4908800,TCH
2021-10-20,12500,12730,12500,12580,3350700,TCH
2021-10-21,12610,12660,12530,12580,2084800,TCH
2021-10-22,12610,13100,12530,12840,10344600,TCH
2021-10-25,12880,13040,12840,12840,4294200,TCH
2021-10-26,12780,12840,12700,12730,2654600,TCH
2021-10-27,12780,12960,12730,12790,5648500,TCH
2021-10-28,12880,13300,12790,13140,12470100,TCH
2021-10-29,13260,13600,13180,13490,10596800,TCH
2021-11-01,13600,14280,13600,14240,12784500,TCH
2021-11-02,14360,14690,14120,14390,10275000,TCH
2021-11-03,14390,14460,13600,13600,13562100,TCH
2021-11-04,13490,13930,13370,13600,7136400,TCH
2021-11-05,13680,14060,13630,13980,4875600,TCH
2021-11-08,14120,14540,14020,14280,7977500,TCH
2021-11-09,14360,14460,13980,14020,5826600,TCH
2021-11-10,14060,14580,13860,14460,9490800,TCH
2021-11-11,14730,15460,14580,15460,11892600,TCH
2021-11-12,16510,16510,16510,16510,3171900,TCH
2021-11-15,17630,17630,16620,17630,13292400,TCH
2021-11-16,17230,18430,17080,17610,19447800,TCH
2021-11-17,17610,18010,17270,17980,10150200,TCH
2021-11-18,18130,19230,18130,19230,10443600,TCH
2021-11-19,20350,20440,17980,19380,18315800,TCH
2021-11-22,19380,19380,18060,18060,11367700,TCH
2021-11-23,17080,18470,16990,17750,14210100,TCH
2021-11-24,18010,18130,16990,16990,8399600,TCH
2021-11-25,16780,18170,16390,18170,32436200,TCH
2021-11-26,18730,19120,17570,17750,12139200,TCH
2021-11-29,17450,18100,17300,17610,12092000,TCH
2021-11-30,17900,18820,17530,18400,21997200,TCH
2021-12-01,18510,19260,18130,18360,9755200,TCH
2021-12-02,18510,18730,18130,18130,8821600,TCH
2021-12-03,18290,18310,16880,16880,20222300,TCH
2021-12-06,16880,17040,15710,15710,17370800,TCH
2021-12-07,15860,16280,15680,15980,9493500,TCH
2021-12-08,16129,16280,15750,15750,9614600,TCH
2021-12-09,15710,16850,15650,16850,12833800,TCH
2021-12-10,16990,17040,16430,16620,10084500,TCH
2021-12-13,16920,17750,16620,17750,13826300,TCH
2021-12-14,18060,18660,17630,18130,15745100,TCH
2021-12-15,18130,18730,17830,18170,14284700,TCH
2021-12-16,18430,19230,18130,18960,18511100,TCH
2021-12-17,19150,19600,18890,19030,19955400,TCH
2021-12-20,18890,19330,18400,18660,15361200,TCH
2021-12-21,18510,19940,18290,19940,18649200,TCH
2021-12-22,20700,21300,20520,21300,22269500,TCH
2021-12-23,21350,21840,20440,21040,22117400,TCH
2021-12-24,20920,21840,20090,20880,14379900,TCH
2021-12-27,20920,22320,20320,22320,18229300,TCH
2021-12-28,22890,22970,21650,22180,12565600,TCH
2021-12-29,22180,22240,21530,21530,9407300,TCH
2021-12-30,21190,22060,21160,21260,11050700,TCH
2021-12-31,21260,21530,20550,20740,12983100,TCH
2022-01-04,21000,21870,20700,21230,10533500,TCH
2022-01-05,21530,22140,21260,21380,12020700,TCH
2022-01-06,21160,22200,21080,21910,16472200,TCH
2022-01-07,22140,22200,21530,21530,11140800,TCH
2022-01-10,21530,23000,20920,22200,22274200,TCH
2022-01-11,21530,21980,21160,21380,16555300,TCH
2022-01-12,21040,21460,19900,19900,25635900,TCH
2022-01-13,20310,20350,18520,18610,15361800,TCH
2022-01-14,17950,19750,17950,19420,10540400,TCH
2022-01-17,19420,19660,18070,18070,9776400,TCH
2022-01-18,17950,18030,16810,16810,9533000,TCH
2022-01-19,16650,17500,16650,17050,8403900,TCH
2022-01-20,17300,18240,17130,18240,4749700,TCH
2022-01-21,18610,18850,17990,18520,7814300,TCH
2022-01-24,18120,18280,17260,17260,7735400,TCH
2022-01-25,16980,17460,16400,17340,7052800,TCH
2022-01-26,17460,17550,16149,16149,11562000,TCH
2022-01-27,16000,16650,15740,15910,5029400,TCH
2022-01-28,16320,16320,15210,16110,5942100,TCH
2022-02-07,16400,17010,16350,16680,3212800,TCH
2022-02-08,16680,16980,16400,16650,4625000,TCH
2022-02-09,16650,17370,16530,17170,6708900,TCH
2022-02-10,17340,17660,17090,17130,4121200,TCH
2022-02-11,16980,17170,16810,16890,3904100,TCH
2022-02-14,16350,16980,16350,16560,5391000,TCH
2022-02-15,16560,17050,16560,16930,3551200,TCH
2022-02-16,17010,18120,17010,17830,12077500,TCH
2022-02-17,17830,18030,17660,17740,5242900,TCH
2022-02-18,17550,18360,17420,18360,9121900,TCH
2022-02-21,18430,19050,18430,18480,10950300,TCH
2022-02-22,18120,18400,17550,17910,10909400,TCH
2022-02-23,17950,18280,17910,17950,5516200,TCH
2022-02-24,17790,18160,16730,17370,12740200,TCH
2022-02-25,17620,17950,17500,17590,6127500,TCH
2022-02-28,17590,17660,17340,17420,4824400,TCH
2022-03-01,17420,18070,17340,17620,7163500,TCH
2022-03-02,17500,17830,17130,17260,8764300,TCH
2022-03-03,17340,17660,17220,17460,5453800,TCH
2022-03-04,17420,18160,17340,18030,11718300,TCH
2022-03-07,18030,18360,17740,18190,8352600,TCH
2022-03-08,17870,18690,17790,17790,10571600,TCH
2022-03-09,17790,17990,17370,17500,8513800,TCH
2022-03-10,17830,17830,17550,17590,4836400,TCH
2022-03-11,17420,17590,17050,17130,7488000,TCH
2022-03-14,17050,17090,16400,16400,8490900,TCH
2022-03-15,16530,16770,16480,16650,4255300,TCH
2022-03-16,16890,16980,16730,16730,2980000,TCH
2022-03-17,17010,17340,16810,16930,3493800,TCH
2022-03-18,17050,17260,16890,16890,4019700,TCH
2022-03-21,16980,17420,16980,17370,5670900,TCH
2022-03-22,17550,17550,17220,17220,6476300,TCH
2022-03-23,17220,17300,17050,17130,6193900,TCH
2022-03-24,17130,17550,16890,17340,6299700,TCH
2022-03-25,17460,18120,17340,17870,13310200,TCH
2022-03-28,17550,17830,16980,17130,7782400,TCH
2022-03-29,17370,17550,17220,17460,4402100,TCH
2022-03-30,17130,17420,16560,16600,10521500,TCH
2022-03-31,16810,16890,16440,16480,4632800,TCH
2022-04-01,16400,16980,16320,16890,4074500,TCH
2022-04-04,17050,17050,16770,16810,3408500,TCH
2022-04-05,16810,16890,16600,16600,4617200,TCH
2022-04-06,16440,16730,16320,16480,5242700,TCH
2022-04-07,16480,16600,16149,16149,5987700,TCH
2022-04-08,16280,16280,15500,15500,6189500,TCH
2022-04-12,15500,15870,15340,15340,4946500,TCH
2022-04-13,15500,15630,14930,15420,4082500,TCH
2022-04-14,15500,15670,15260,15260,2376200,TCH
2022-04-15,15260,15460,14520,14720,3978600,TCH
2022-04-18,14690,14760,13710,13710,8575900,TCH
2022-04-19,13790,14000,12780,12780,4983200,TCH
2022-04-20,12780,13340,12480,12730,6342000,TCH
2022-04-21,12520,13050,12120,12560,5306500,TCH
2022-04-22,12890,13170,12410,12930,3315100,TCH
2022-04-25,12890,13220,12030,12030,5830400,TCH
2022-04-26,12030,12690,11750,12690,4656300,TCH
2022-04-27,12730,13020,12650,12980,2749900,TCH
2022-04-28,13020,13170,12780,12800,2928300,TCH
2022-04-29,12690,13220,12690,13130,4207500,TCH
2022-05-04,12930,13170,12690,12730,3402000,TCH
2022-05-05,13020,13020,12480,12600,2516400,TCH
2022-05-06,12240,12560,12080,12080,3161700,TCH
2022-05-09,11830,11910,11260,11260,5816300,TCH
2022-05-10,10610,11210,10520,11210,4559900,TCH
2022-05-11,11260,11580,11140,11340,3095400,TCH
2022-05-12,11300,11390,10570,10570,4013800,TCH
2022-05-13,10280,10690,9830,9830,9217100,TCH
2022-05-16,10040,10360,9710,9750,4056300,TCH
2022-05-17,9830,10400,9710,10400,5205900,TCH
2022-05-18,10610,10970,10570,10640,4522500,TCH
2022-05-19,10280,10640,10280,10570,3039100,TCH
2022-05-20,10570,11060,10520,10850,4081400,TCH
2022-05-23,11010,11010,10240,10320,3882200,TCH
2022-05-24,10360,10490,10000,10360,3505100,TCH
2022-05-25,10440,11060,10440,11060,6590700,TCH
2022-05-26,11140,11500,11140,11340,6406800,TCH
2022-05-27,11390,11460,11260,11390,4061400,TCH
2022-05-30,11500,11580,11300,11340,3129200,TCH
2022-05-31,11260,11390,11140,11140,3769600,TCH
2022-06-01,11140,11300,10930,11140,2791800,TCH
2022-06-02,11140,11260,10640,10690,4340400,TCH
2022-06-03,10690,10850,10520,10570,2316700,TCH
2022-06-06,10570,10730,10280,10280,3302000,TCH
2022-06-07,10280,10400,10040,10360,4158400,TCH
2022-06-08,10490,10850,10440,10770,2588900,TCH
2022-06-09,10770,11260,10520,11010,3561300,TCH
2022-06-10,10770,11340,10690,10850,4344100,TCH
2022-06-13,10360,10640,10120,10120,4793200,TCH
2022-06-14,10040,10240,9800,9910,3270300,TCH
2022-06-15,9950,10120,9230,9380,6207500,TCH
2022-06-16,9710,9800,9290,9290,3057900,TCH
2022-06-17,8900,9140,8690,8690,7156100,TCH
2022-06-20,8480,8770,8090,8090,7388400,TCH
2022-06-21,7570,8240,7570,8080,4828000,TCH
2022-06-22,8410,8600,8240,8600,4373700,TCH
2022-06-23,8650,8810,8570,8730,3035900,TCH
2022-06-24,8650,8850,8600,8600,3070300,TCH
2022-06-27,8770,9180,8600,9180,4720800,TCH
2022-06-28,9260,9620,9180,9380,4416900,TCH
2022-06-29,9180,9430,8980,9140,3271400,TCH
2022-06-30,9100,9340,8730,8730,4799400,TCH
2022-07-01,8730,9010,8410,8930,4121000,TCH
2022-07-04,9180,9180,8900,9010,2272900,TCH
2022-07-05,9010,9050,8650,8650,2952100,TCH
2022-07-06,8410,8930,8410,8450,3775300,TCH
2022-07-07,8570,8690,8410,8570,2908500,TCH
2022-07-08,8730,9140,8650,9140,7427000,TCH
2022-07-11,9140,9340,8980,9100,3634900,TCH
2022-07-12,9140,9510,9100,9470,5054500,TCH
2022-07-13,9470,9550,9260,9260,4410700,TCH
2022-07-14,9230,9580,9180,9430,3974500,TCH
2022-07-15,9550,9910,9510,9670,5997300,TCH
2022-07-18,9710,9870,9550,9580,4590200,TCH
2022-07-19,9550,9620,9290,9550,3861900,TCH
2022-07-20,9800,10190,9670,9910,6627400,TCH
2022-07-21,9950,10040,9670,9710,2961300,TCH
2022-07-22,9800,9870,9620,9620,2286300,TCH
2022-07-25,9580,9620,9420,9500,2007500,TCH
2022-07-26,9550,9670,9460,9500,1477800,TCH
2022-07-27,9370,9710,9370,9670,2503800,TCH
2022-07-28,9920,10050,9800,9870,4161300,TCH
2022-07-29,9920,10050,9800,9870,2847800,TCH
2022-08-01,9870,10300,9830,10250,5826800,TCH
2022-08-02,10250,10460,10120,10300,3959800,TCH
2022-08-03,10210,10300,10120,10300,7038500,TCH
2022-08-04,10340,10630,10250,10420,7074100,TCH
2022-08-05,10460,10460,10250,10420,3113600,TCH
2022-08-08,10460,10590,10300,10300,4598900,TCH
2022-08-09,10300,10760,10300,10510,8430600,TCH
2022-08-10,10510,10710,10460,10550,3739300,TCH
2022-08-11,10670,10710,10210,10250,4695600,TCH
2022-08-12,10250,10420,10120,10340,3099500,TCH
2022-08-15,10460,10550,10340,10420,3612900,TCH
2022-08-16,10370,10460,10300,10370,2811000,TCH
2022-08-17,10460,10670,10300,10340,4672800,TCH
2022-08-18,10340,10340,10170,10170,2879100,TCH
2022-08-19,10170,10300,10000,10000,3466600,TCH
2022-08-22,10000,10050,9750,9750,3048100,TCH
2022-08-23,9710,10090,9620,10090,2415200,TCH
2022-08-24,10090,10170,10050,10120,2986700,TCH
2022-08-25,10210,10460,10120,10420,5028900,TCH
2022-08-26,10550,10800,10370,10460,7969500,TCH
2022-08-29,10170,10250,9920,10120,4854400,TCH
2022-08-30,10250,10250,9960,9960,3103200,TCH
2022-08-31,10050,10210,9920,10120,3064800,TCH
2022-09-05,10120,10210,10000,10050,2112300,TCH
2022-09-06,10050,10120,10000,10000,2939000,TCH
2022-09-07,10000,10050,9330,9620,5326100,TCH
2022-09-08,9710,9750,9290,9370,3460000,TCH
2022-09-09,9460,9550,9120,9290,3580400,TCH
2022-09-12,9460,9550,9210,9290,3282900,TCH
2022-09-13,9370,9460,9170,9290,2756400,TCH
2022-09-14,9080,9250,8960,9170,3790600,TCH
2022-09-15,9290,9290,9120,9170,1868600,TCH
2022-09-16,9170,9170,8830,8870,2386100,TCH
2022-09-19,8960,8960,8370,8370,4197400,TCH
2022-09-20,8530,8740,8370,8740,3474400,TCH
2022-09-21,8710,9040,8620,9000,4299300,TCH
2022-09-22,8960,9370,8870,9330,4084000,TCH
2022-09-23,9420,9500,9080,9210,3628900,TCH
2022-09-26,9120,9670,9080,9580,10167700,TCH
2022-09-27,9870,10250,9710,10120,11456500,TCH
2022-09-28,10300,10370,9550,9750,9967100,TCH
2022-09-29,9960,10000,9080,9080,6448000,TCH
2022-09-30,9080,9460,8620,9460,7665300,TCH
2022-10-03,9420,9800,8920,9040,7455900,TCH
2022-10-04,9290,9370,8870,8960,5089500,TCH
2022-10-05,9210,9370,9120,9210,4233400,TCH
2022-10-06,9250,9330,8580,8580,6043800,TCH
2022-10-07,8460,8490,7990,8000,7130900,TCH
2022-10-10,7870,8370,7870,8370,4256100,TCH
2022-10-11,8280,8370,7780,7780,4323700,TCH
2022-10-12,7700,8310,7700,8170,3330700,TCH
2022-10-13,8170,8280,8029,8140,1727300,TCH
2022-10-14,8350,8370,8070,8140,3257900,TCH
2022-10-17,8130,8200,7880,8070,2046300,TCH
2022-10-18,8200,8580,8189,8290,4053300,TCH
2022-10-19,8370,8460,8230,8250,1218300,TCH
2022-10-20,8240,8250,8029,8130,2114100,TCH
2022-10-21,8200,8200,7580,7580,4515900,TCH
2022-10-24,7680,7860,7050,7050,7472400,TCH
2022-10-25,6830,7270,6590,6740,6034800,TCH
2022-10-26,6860,6990,6320,6320,4717700,TCH
2022-10-27,6340,6760,6280,6760,3628000,TCH
2022-10-28,6870,7140,6830,6880,3192000,TCH
2022-10-31,6950,6950,6500,6700,4862100,TCH
2022-11-01,6880,6950,6700,6810,2504300,TCH
2022-11-02,6820,6930,6720,6740,2003800,TCH
2022-11-03,6610,6740,6530,6570,2199800,TCH
2022-11-04,6530,6570,6120,6120,6433600,TCH
2022-11-07,6000,6170,5690,5690,6708400,TCH
2022-11-08,5820,6060,5700,6060,6362900,TCH
2022-11-09,6270,6480,6240,6350,5550500,TCH
2022-11-10,6280,6350,5910,5910,8050300,TCH
2022-11-11,6110,6190,5500,5500,7148400,TCH
2022-11-14,5120,5300,5120,5120,8490000,TCH
2022-11-15,4770,4940,4770,4770,5079500,TCH
2022-11-16,4440,5100,4440,5100,11014000,TCH
2022-11-17,5430,5450,5270,5450,6806700,TCH
2022-11-18,5560,5820,5110,5820,12621900,TCH
2022-11-21,6030,6230,5990,6230,5389400,TCH
2022-11-22,6660,6660,6530,6660,15182100,TCH
2022-11-23,6670,7000,6510,6640,9814300,TCH
2022-11-24,6530,6830,6490,6780,5618900,TCH
2022-11-25,7030,7210,6870,7210,7036600,TCH
2022-11-28,7450,7710,7390,7710,8110800,TCH
2022-11-29,7870,7870,7370,7590,12608100,TCH
2022-11-30,7590,7820,7490,7620,9832700,TCH
2022-12-01,8090,8090,7520,7550,10810500,TCH
2022-12-02,7300,7720,7130,7710,10129300,TCH
2022-12-05,7900,7990,7470,7470,9502000,TCH
2022-12-06,7330,7380,6950,6950,15093700,TCH
2022-12-07,6670,6950,6470,6470,9409600,TCH
2022-12-08,6650,6910,6650,6910,9388700,TCH
2022-12-09,6990,7000,6810,6880,3650800,TCH
2022-12-12,6860,7140,6800,6820,7067100,TCH
2022-12-13,6800,7030,6710,7030,4736700,TCH
2022-12-14,7220,7520,7120,7520,9615100,TCH
2022-12-15,7620,7760,7400,7410,8297500,TCH
2022-12-16,7180,7620,7180,7620,7958800,TCH
2022-12-19,7620,7680,7090,7090,8986800,TCH
2022-12-20,7000,7180,6650,6750,8598700,TCH
2022-12-21,6990,6990,6350,6660,5446200,TCH
2022-12-22,6810,6890,6460,6750,2816200,TCH
2022-12-23,6750,6800,6610,6710,1941900,TCH
2022-12-26,6650,6700,6250,6250,3968400,TCH
2022-12-27,6270,6400,6220,6270,1686500,TCH
2022-12-27,6280,6650,6270,6650,3087900,TCH
2022-12-28,6700,6750,6560,6650,1890700,TCH
2022-12-29,6630,6840,6560,6610,2045900,TCH
2022-12-30,6660,6660,6360,6550,2016200,TCH
2023-01-03,6550,6950,6550,6950,4228100,TCH
2023-01-04,6980,7030,6840,6850,3764800,TCH
2023-01-05,6860,6920,6770,6860,2095400,TCH
2023-01-06,6880,6940,6710,6710,3148300,TCH
2023-01-09,6840,6840,6700,6700,1747200,TCH
2023-01-10,6750,6930,6570,6810,2728300,TCH
2023-01-11,6940,6990,6810,6870,3417800,TCH
2023-01-12,6860,6900,6770,6790,1979700,TCH
2023-01-13,6860,6930,6750,6810,3071100,TCH
2023-01-16,6810,6890,6750,6750,2058800,TCH
2023-01-17,6840,7130,6790,7110,5522900,TCH
2023-01-18,7130,7320,7040,7270,4351900,TCH
2023-01-19,7260,7320,7130,7250,4388800,TCH
2023-01-27,7380,7410,7240,7300,3775100,TCH
2023-01-30,7400,7640,7280,7550,8089900,TCH
2023-01-31,7550,7620,7280,7500,5706100,TCH
2023-02-01,7510,7740,7310,7330,10238100,TCH
2023-02-02,7420,7420,6990,7040,4366400,TCH
2023-02-03,7090,7170,6960,7090,3642200,TCH
2023-02-06,7120,7460,7090,7410,6605300,TCH
2023-02-07,7410,7570,7140,7200,5334600,TCH
2023-02-08,7280,7290,6980,7150,3725700,TCH
2023-02-09,7130,7360,7130,7190,2464600,TCH
2023-02-10,7190,7210,7020,7020,3021700,TCH
2023-02-13,6940,6970,6600,6750,6285700,TCH
2023-02-14,6850,6880,6730,6750,1473400,TCH
2023-02-15,6750,7040,6650,6940,1994500,TCH
2023-02-16,6990,7010,6820,6940,2108800,TCH
2023-02-17,6940,7110,6940,7000,3389100,TCH
2023-02-20,7000,7480,7000,7480,7664300,TCH
2023-02-21,7720,7850,7520,7620,14367200,TCH
2023-02-22,7470,7710,7370,7420,9313600,TCH
2023-02-23,7420,7420,6960,7230,7414100,TCH
2023-02-24,7270,7400,7010,7060,4189700,TCH
2023-02-27,6890,6930,6750,6750,5660200,TCH
2023-02-28,6850,6920,6720,6740,5959500,TCH
2023-03-01,6700,6910,6650,6910,3548500,TCH
2023-03-02,6940,6990,6830,6880,2448400,TCH
2023-03-03,6930,6930,6790,6790,2105300,TCH
2023-03-06,6990,7210,6890,6920,4253600,TCH
2023-03-07,6940,7020,6850,6860,1935700,TCH
2023-03-08,6800,6960,6790,6940,3061300,TCH
2023-03-09,6950,7120,6950,6980,3154300,TCH
2023-03-10,6870,6960,6830,6840,3971000,TCH
2023-03-13,6750,6930,6750,6800,2991300,TCH
2023-03-14,6810,6850,6650,6680,3721200,TCH
2023-03-15,6860,6950,6800,6930,3467100,TCH
2023-03-16,6870,6880,6750,6800,4254300,TCH
2023-03-17,6860,6890,6760,6780,4571800,TCH
2023-03-20,6820,6990,6800,6830,3998500,TCH
2023-03-21,6860,6900,6780,6900,2327900,TCH
2023-03-22,6930,7060,6900,6940,4497100,TCH
2023-03-23,6890,6970,6860,6950,2063900,TCH
2023-03-24,7040,7130,7010,7040,3334700,TCH
2023-03-27,6860,7110,6860,7030,4510800,TCH
2023-03-28,7110,7220,7090,7110,5877600,TCH
2023-03-29,7130,7170,7000,7040,3323000,TCH
2023-03-30,7160,7270,7110,7160,7072500,TCH
2023-03-31,7150,7150,7080,7130,2324200,TCH
2023-04-03,7280,7460,7200,7370,8252500,TCH
2023-04-04,7420,7420,7320,7380,5440900,TCH
2023-04-05,7380,7470,7320,7420,4987200,TCH
2023-04-06,7520,7940,7510,7730,20043400,TCH
2023-04-07,7630,7670,7480,7660,7348100,TCH
2023-04-10,7810,7810,7470,7490,8305800,TCH
2023-04-11,7490,7490,7240,7460,6075800,TCH
2023-04-12,7540,7550,7400,7430,6275800,TCH
2023-04-13,7460,7520,7380,7380,3488300,TCH
2023-04-14,7430,7430,7170,7190,6266600,TCH
2023-04-17,7100,7160,7100,7110,2765900,TCH
2023-04-18,7130,7170,7050,7110,3459200,TCH
2023-04-19,7130,7210,7020,7050,2825100,TCH
2023-04-20,7060,7130,7050,7110,3134900,TCH
2023-04-21,7130,7190,7050,7120,2631500,TCH
2023-04-24,7090,7270,7080,7140,3092300,TCH
2023-04-25,7210,7210,7110,7130,2321100,TCH
2023-04-26,7100,7150,7090,7130,2475900,TCH
2023-04-27,7190,7420,7180,7320,3986600,TCH
2023-04-28,7380,7570,7360,7530,8855900,TCH
2023-05-04,7660,7800,7620,7650,8701100,TCH
2023-05-05,7690,7700,7530,7540,5619400,TCH
2023-05-08,7610,7860,7590,7850,10933600,TCH
2023-05-09,7910,7980,7700,7760,8211800,TCH
2023-05-10,7760,8050,7760,7950,9149400,TCH
2023-05-11,8050,8130,7930,7940,7299500,TCH
2023-05-12,7930,7950,7840,7950,6878500,TCH
2023-05-15,8000,8029,7790,7840,6507500,TCH
2023-05-16,7810,7940,7770,7800,7259900,TCH
2023-05-17,7830,8360,7830,8360,24138400,TCH
2023-05-18,8390,8470,8200,8240,7340200,TCH
2023-05-19,8280,8280,7920,8080,9172200,TCH
2023-05-22,8150,8350,8109,8290,6503500,TCH
2023-05-23,8380,8430,8200,8270,4855600,TCH
2023-05-24,8290,8380,8210,8260,6721100,TCH
2023-05-25,8240,8270,8140,8189,6470200,TCH
2023-05-26,8230,8540,8189,8480,9487000,TCH
2023-05-29,8580,8770,8560,8660,6349600,TCH
2023-05-30,8680,8700,8450,8580,9110100,TCH
2023-05-31,8610,8960,8490,8820,10824800,TCH
2023-06-01,8830,8910,8680,8700,6713400,TCH
2023-06-02,8820,8820,8480,8490,13527000,TCH
2023-06-05,8580,8640,8490,8530,5888700,TCH
2023-06-06,8570,8740,8490,8700,6284400,TCH
2023-06-07,8760,8990,8710,8850,7186400,TCH
2023-06-08,8950,9050,8700,8700,10550100,TCH
2023-06-09,8720,8740,8530,8660,6098500,TCH
2023-06-12,8680,8750,8560,8630,4277300,TCH
2023-06-13,8670,8800,8650,8740,6574300,TCH
2023-06-14,8770,8830,8630,8630,4729200,TCH
2023-06-15,8540,8640,8480,8490,5782800,TCH
2023-06-16,8610,8680,8400,8400,6030200,TCH
2023-06-19,8420,8480,8340,8350,4261200,TCH
2023-06-20,8390,8530,8360,8500,2969000,TCH
2023-06-21,8520,8680,8500,8660,4786700,TCH
2023-06-22,8680,8810,8680,8780,7055000,TCH
2023-06-23,8810,8900,8660,8740,6127600,TCH
2023-06-26,8740,8760,8480,8670,6940800,TCH
2023-06-27,8680,8740,8590,8630,3015500,TCH
2023-06-28,8680,8820,8640,8740,7539700,TCH
2023-06-29,8770,8770,8580,8590,4223400,TCH
2023-06-30,8590,8610,8540,8570,2854600,TCH
2023-07-03,8570,8670,8550,8590,1534000,TCH
2023-07-04,8590,8760,8580,8710,3393200,TCH
2023-07-05,8800,8800,8700,8740,4297800,TCH
2023-07-06,8770,9120,8720,9050,18017200,TCH
2023-07-07,9020,9160,8920,8970,6645300,TCH
2023-07-10,9030,9150,8970,9060,8172800,TCH
2023-07-11,9110,9340,9090,9170,10033700,TCH
2023-07-12,9200,9280,9010,9040,6643300,TCH
2023-07-13,9070,9150,9040,9060,6718800,TCH
2023-07-14,9140,9230,9030,9150,8555300,TCH
2023-07-17,9260,9350,9180,9270,8473800,TCH
2023-07-18,9260,9260,9110,9160,6878500,TCH
2023-07-19,9160,9220,8920,8920,10552300,TCH
2023-07-20,8920,9000,8900,8970,3868700,TCH
2023-07-21,9020,9080,8980,9060,4470600,TCH
2023-07-24,9110,9240,9090,9240,7499700,TCH
2023-07-25,9260,9330,9210,9260,8269700,TCH
2023-07-26,9260,9620,9260,9550,12408200,TCH
2023-07-27,9550,10030,9550,9930,17955400,TCH
2023-07-28,10030,10220,9790,9930,12971400,TCH
2023-07-31,10030,10610,9980,10510,12949400,TCH
2023-08-01,10700,10800,10120,10120,13749200,TCH
2023-08-02,10120,10320,10030,10220,9791100,TCH
2023-08-03,10220,10560,10120,10320,10263900,TCH
2023-08-04,10510,10990,10510,10990,24512500,TCH
2023-08-07,11470,11710,11280,11710,22213100,TCH
2023-08-08,11960,12390,11670,11810,20420100,TCH
2023-08-09,11620,12100,11570,11960,12063800,TCH
2023-08-10,11860,12000,11430,11470,12257500,TCH
2023-08-11,11620,12240,11280,12240,18401500,TCH
2023-08-14,12530,13060,12440,13060,19683900,TCH
2023-08-15,13260,13260,12490,12630,18514700,TCH
2023-08-16,12630,12970,12390,12680,12833500,TCH
2023-08-17,12680,13060,12440,12490,10642200,TCH
2023-08-18,12240,12440,11620,11620,22575000,TCH
2023-08-21,11430,11860,10990,11470,14819100,TCH
2023-08-22,11710,12240,11180,12240,23751200,TCH
2023-08-23,12580,12630,12240,12340,12700100,TCH
2023-08-24,12340,12680,12200,12530,12567700,TCH
2023-08-25,12680,12920,12530,12630,14176300,TCH
2023-08-28,12780,12780,12390,12530,14175900,TCH
2023-08-29,12630,13210,12530,12970,13837200,TCH
2023-08-30,13210,13640,13110,13450,14835600,TCH
2023-08-31,13700,13700,13250,13300,13078200,TCH
2023-09-05,13400,13700,12950,13000,19169300,TCH
2023-09-06,12900,13350,12700,13350,13117500,TCH
2023-09-07,13500,13800,13350,13350,13994700,TCH
2023-09-08,13350,13550,13250,13300,9756600,TCH
2023-09-11,13500,13500,12900,12900,16278700,TCH
2023-09-12,12900,13350,12750,13350,11427300,TCH
2023-09-13,13400,14100,13400,13600,21834000,TCH
2023-09-14,13650,13800,13050,13500,13363800,TCH
2023-09-15,13700,13800,13250,13300,10559900,TCH
2023-09-18,13400,13700,13250,13600,13421800,TCH
2023-09-19,13700,13850,13400,13700,10576900,TCH
2023-09-20,13800,13950,13650,13900,12347100,TCH
2023-09-21,14000,14800,13950,14500,20242800,TCH
2023-09-22,14000,14250,13500,13500,24607000,TCH
2023-09-25,13150,13450,12600,12600,16519500,TCH
2023-09-26,12050,12600,11750,11750,18579900,TCH
2023-09-27,11750,12250,11000,12250,14325000,TCH
2023-09-28,12100,12200,11700,12000,6846000,TCH
2023-09-29,12200,12250,11600,11600,7007400,TCH
2023-10-02,11600,12050,11600,11850,4656100,TCH
2023-10-03,11750,11750,11050,11050,14068700,TCH
2023-10-04,10800,11550,10650,11300,9315700,TCH
2023-10-05,11500,11500,10900,11100,5822400,TCH
2023-10-06,11150,11850,11150,11850,13204600,TCH
2023-10-09,12150,12350,11900,12200,9013200,TCH
2023-10-10,12450,12450,11950,11950,7193500,TCH
2023-10-11,12000,12150,11800,12150,4569600,TCH
2023-10-12,12300,12550,12050,12150,5518000,TCH
2023-10-13,11950,12300,11800,12200,5969800,TCH
2023-10-16,12200,12750,12100,12400,11723300,TCH
2023-10-17,12450,12750,11600,11600,5635300,TCH
2023-10-18,11900,12050,11050,11500,12166800,TCH
2023-10-19,11450,11900,11200,11400,6762800,TCH
2023-10-20,11400,11950,11300,11900,5669300,TCH
2023-10-23,11900,12150,11700,11800,6174700,TCH
2023-10-24,12000,12100,11600,12000,4430300,TCH
2023-10-25,12100,12350,12050,12100,6775000,TCH
2023-10-26,11600,11750,11300,11300,12671200,TCH
2023-10-27,11500,11600,10550,11400,10734200,TCH
2023-10-30,11400,11600,10900,10900,4929600,TCH
2023-10-31,11000,11100,10150,10150,9814000,TCH
2023-11-01,10200,10700,9900,10550,8892700,TCH
2023-11-02,10850,11250,10700,11250,5958300,TCH
2023-11-03,11500,11500,11200,11200,5553900,TCH
2023-11-06,11400,11400,11050,11350,3869400,TCH
2023-11-07,11300,11400,11100,11100,4614600,TCH
2023-11-08,11150,11850,11150,11850,10499700,TCH
2023-11-09,12000,12450,11950,12000,12017400,TCH
2023-11-10,11950,12600,11800,12350,15786200,TCH
2023-11-13,12450,12600,12050,12300,8257400,TCH
2023-11-14,12500,12700,12200,12250,8670600,TCH
2023-11-15,12650,12650,12150,12200,9497500,TCH
2023-11-16,12100,12600,12100,12600,7424500,TCH
2023-11-17,12700,13150,12450,12600,23406000,TCH
2023-11-20,12300,13050,12300,12900,13442300,TCH
2023-11-21,13100,13200,12850,12900,10068200,TCH
2023-11-22,12900,13200,12800,13000,10470500,TCH
2023-11-23,13100,13400,12100,12100,15519500,TCH
2023-11-24,12250,12400,11600,12300,12977100,TCH
2023-11-27,12300,12450,11900,11900,5518800,TCH
2023-11-28,12000,12100,11550,12050,8556800,TCH
2023-11-29,12150,12350,12050,12250,5394800,TCH
2023-11-30,12250,12450,12150,12450,9095800,TCH
2023-12-01,12450,12500,12150,12200,5367200,TCH
2023-12-04,12400,12900,12400,12750,10858100,TCH
2023-12-05,12800,12850,12500,12500,7515400,TCH
2023-12-06,12550,12900,12550,12850,8700200,TCH
2023-12-07,13000,13150,12500,12700,13821700,TCH
2023-12-08,12850,13300,12650,12950,15103500,TCH
2023-12-11,13050,13150,12800,12800,7435800,TCH
2023-12-12,12950,13050,12800,12950,8037000,TCH
2023-12-13,12950,13250,12600,12650,10550300,TCH
2023-12-14,12800,12850,12400,12500,6965300,TCH
2023-12-15,12500,12750,12400,12550,6786700,TCH
2023-12-18,12600,13150,12600,12900,10292000,TCH
2023-12-19,13050,13150,12650,12850,6234900,TCH
2023-12-20,12950,13150,12950,13150,7523400,TCH
2023-12-21,13100,13500,13000,13200,12186500,TCH
2023-12-22,13250,13500,12950,13150,9073000,TCH
